color,x,y,Y
red,0.5734,0.3057,0.12
orange,0.5698,0.399,0.3005
yellow,0.5079,0.4613,0.591
green,0.2104,0.4578,0.1977
blue,0.1805,0.1888,0.12
purple,0.2772,0.1707,0.06555
pink,0.3743,0.3248,0.591
brown,0.4966,0.3908,0.06555